Sample.Name,Quantity
NTC,0
1,0
2,0
3,2E-06
4,1.99996E-05
5,0.00019996
6,0.001996008
7,0.003322259
Extraction_blank,0
Positive_control,0